id,name,url,price,promo_price,brand
565926,"Макаронные изделия Barilla Spaghetti n.5 из твердых сортов пшеницы, 450г",https://online.metro-cc.ru/products/barilla-spagetti-450g,125.0,89.9,BARILLA
564219,"Макаронные изделия Barilla Girandole n.34 из твёрдых сортов пшеницы, 450г",https://online.metro-cc.ru/products/dzhirandole-barilla-450g,125.0,89.9,BARILLA
564285,"Макаронные изделия Barilla Fusilli n.98 из твёрдых сортов пшеницы, 450г",https://online.metro-cc.ru/products/barilla-fusilli-450g,125.0,89.9,BARILLA
209511,"Макаронные изделия Barilla Fettuccine из твердых сортов пшеницы, 500г",https://online.metro-cc.ru/products/barilla-fettuccine-500g,359.0,259.0,BARILLA
565577,"Макаронные изделия Barilla Capellini n.1 из твердых сортов пшеницы, 450г",https://online.metro-cc.ru/products/barilla-kapellini-450g,125.0,89.9,BARILLA
565876,"Макаронные изделия Barilla Pipe Rigate n.91 из твердых сортов пшеницы, 450г",https://online.metro-cc.ru/products/barilla-pipe-rigate-450g,125.0,89.9,BARILLA
595935483,"Макароны Federici вермишель №96, 400г",https://online.metro-cc.ru/products/400g-makarony-federici-vermishel-96,89.9,69.9,FEDERICI
565630,"Макаронные изделия Barilla Spaghettini n.3 из твердых сортов пшеницы, 450г",https://online.metro-cc.ru/products/barilla-spagettini-450g,125.0,89.9,BARILLA
210024,"Макаронные изделия Шебекинские рожок витой №388, 450г",https://online.metro-cc.ru/products/vitoj-rozhok-388-shebekinskie-450g,74.9,53.9,ШЕБЕКИНСКИЕ
375617,"Макаронные изделия Makfa Петушиные Гребешки, 450г",https://online.metro-cc.ru/products/makfa-petushinye-grebeshki-450g,74.9,49.9,MAKFA
565890,"Макаронные изделия Barilla Penne Rigate n.73 из твердых сортов пшеницы, 450г",https://online.metro-cc.ru/products/barilla-penne-rigate-450g,125.0,89.9,BARILLA
564372,"Макаронные изделия Barilla Cellentani n.297 из твёрдых сортов пшеницы, 450г",https://online.metro-cc.ru/products/chellentani-barilla-450g,125.0,89.9,BARILLA
420003,"Макаронные изделия Federici бантики №66, 400г",https://online.metro-cc.ru/products/federici-farfalle-bantiki-66-400g,89.9,54.9,FEDERICI
565729,"Макаронные изделия Barilla Bavette n.13 из твердых сортов пшеницы, 450г",https://online.metro-cc.ru/products/barilla-bavette-450g,125.0,89.9,BARILLA
564179,"Макароны Barilla Tortiglioni, 450г",https://online.metro-cc.ru/products/tortiloni-barilla-450g,125.0,89.9,BARILLA
118474,"Макаронные изделия Шебекинские спирали №366, 450г",https://online.metro-cc.ru/products/shebekinskie-spirali-366-450-g,74.9,53.9,ШЕБЕКИНСКИЕ
122105,"Спагетти Шебекинские №002, 450г",https://online.metro-cc.ru/products/spagetti-shebekinskie-002-450g,74.9,53.0,ШЕБЕКИНСКИЕ
565651,"Макаронные изделия Barilla Filini n.30 из твердых сортов пшеницы, 450г",https://online.metro-cc.ru/products/barilla-filini-450g,125.0,89.9,BARILLA
180552,"Макаронные изделия Barilla Cannelloni из твердых сортов пшеницы, 250г",https://online.metro-cc.ru/products/kanellonni-barilla-250g,294.0,219.0,BARILLA
145561,"Макаронные изделия Federici пружинки рифленые, 500г",https://online.metro-cc.ru/products/federici-cavatappi-pruzhinki-riflenye-500g,89.9,54.9,FEDERICI
175243,"Макаронные изделия Barilla Lasagne из твердых сортов пшеницы, 500г",https://online.metro-cc.ru/products/art_458131,359.0,259.0,BARILLA
473717956,"METRO Chef Макароны спирали, 3кг",https://online.metro-cc.ru/products/3kg-makarony-metro-chef-spirali,349.0,309.0,METRO CHEF
376085,"Макаронные изделия Makfa спирали, 450г",https://online.metro-cc.ru/products/makfa-spirali-450g,74.9,49.9,MAKFA
660755,"Макароны Federici рожки рифленые, 500г",https://online.metro-cc.ru/products/makarony-federici-rozhki-riflenye-500g,89.9,54.9,FEDERICI
603204410,"Макароны Barilla Кампанелле высший сорт, 450г",https://online.metro-cc.ru/products/makarony-barilla-kampanelle-vysshiy-sort-450g,299.0,159.01,BARILLA
473940995,"METRO Chef Макароны рожки рифленые, 3кг",https://online.metro-cc.ru/products/3kg-makarony-metro-chef-rozhki-riflenye,349.0,309.0,METRO CHEF
564383,"Макаронные изделия Barilla Stelline n.27 из твёрдых сортов пшеницы, 450г",https://online.metro-cc.ru/products/stelline-barilla-450g,125.0,89.9,BARILLA
188187,"Макаронные изделия Barilla Mezze Penne Tricolore из твердых сортов пшеницы, 500г",https://online.metro-cc.ru/products/barilla-mecce-penne-trehcvetnye-500-g,319.0,219.0,BARILLA
299618219,"METRO Chef Макароны спагетти, 450г",https://online.metro-cc.ru/products/450g-makarony-metro-chef-spagetti,59.9,49.9,METRO CHEF
473941000,"METRO Chef Макароны спагетти, 3кг",https://online.metro-cc.ru/products/3kg-makarony-metro-chef-spagetti,349.0,309.0,METRO CHEF
486341,"Макаронные изделия Шебекинские Рожок русский №230, 450г",https://online.metro-cc.ru/products/art_619306,74.9,53.9,ШЕБЕКИНСКИЕ
595933503,"Макароны Federici спиральки №42, 400г",https://online.metro-cc.ru/products/400g-makarony-federici-spiralki-42,89.9,69.9,FEDERICI
603204420,"Макароны Barilla Казаречче высший сорт, 450г",https://online.metro-cc.ru/products/makarony-barilla-kazarechche-vysshiy-sort-450g,299.0,159.01,BARILLA
474214,"Макаронные изделия Шебекинские рожок №202, 450г",https://online.metro-cc.ru/products/shebekinskie-rozhok-202-450g,76.9,64.9,ШЕБЕКИНСКИЕ
109398,"Макаронные изделия Barilla Tagliatelle из твердых сортов пшеницы, 500г",https://online.metro-cc.ru/products/talyatelle-barilla-500g,359.0,259.0,BARILLA
211654,"Макаронные изделия Шебекинские бабочки №400, 350г",https://online.metro-cc.ru/products/shebekinskie-babochki-400-350g,85.9,53.9,ШЕБЕКИНСКИЕ
537681854,"METRO Chef Макароны Птитим, 450г",https://online.metro-cc.ru/products/450g-makarony-metro-chef-ptitim,189.0,149.0,METRO CHEF
592791305,"METRO Chef Макароны перья рифленые, 3кг",https://online.metro-cc.ru/products/3kg-makarony-metro-chef-perya-riflenye,,349.0,METRO CHEF
560336,"Макаронные изделия Federici спагетти №3 без глютена, 400г",https://online.metro-cc.ru/products/spagetti-3-federici-bez-glyutena-400g-55310,209.0,129.0,FEDERICI
214657,"Макаронные изделия Шебекинские ракушка №393, 450г",https://online.metro-cc.ru/products/shebekinskie-rakushka-393-450g,74.9,53.9,ШЕБЕКИНСКИЕ
111550,"Макаронные изделия Federici классические, 500г",https://online.metro-cc.ru/products/federici-klassicheskie-500g,89.9,54.9,FEDERICI
379005,"Макаронные изделия La Molisana №15 Спагетти с чернилами каракатицы, 500г",https://online.metro-cc.ru/products/makaronnye-izdeliya-la-molisana-15-spagetti-s-chernilami-karakatitsy-500g,519.0,309.0,LA MOLISANA
642420,"Макаронные изделия Makfa Спагетти, 450г",https://online.metro-cc.ru/products/spagetti-makfa-450g,74.9,49.9,MAKFA
154460,"Макаронные изделия La Molisana №15С Спагетти, 500г",https://online.metro-cc.ru/products/makaronnye-izdeliya-la-molisana-15s-spagetti-500g,299.0,189.0,LA MOLISANA
482844,"Макаронные изделия Barilla Spaghetti без глютена, 400г",https://online.metro-cc.ru/products/pasta-barilla-spagetti-bez-glyutenovye-400g,319.0,259.0,BARILLA
439675,"Макаронные изделия Barilla Bucatini n.9 из твёрдых сортов пшеницы, 400г",https://online.metro-cc.ru/products/barilla-bucatini-n9-400g,125.0,89.9,BARILLA
255630,"Макаронные изделия De Cecco спагетти, 1кг",https://online.metro-cc.ru/products/spagetti-de-cecco-1kg,589.0,379.01,DE CECCO
209030,"Макаронные изделия De Cecco феттуччине, 500г",https://online.metro-cc.ru/products/de-cecco-fettuchine-500-g,389.0,319.0,DE CECCO
155437,"Лапша 3 Glocken Genuss Pur мелкая, 500г",https://online.metro-cc.ru/products/lapsha-3-glocken-melkaya-500g,329.0,179.0,3 GLOCKEN
110045,"Спирали 3 Glocken Spiralen, 1кг",https://online.metro-cc.ru/products/spirali-3-glocken-spiralen-1000-g,,529.0,3 GLOCKEN
371374,"Паста жемчужная Bravolli! Птитим, 350г",https://online.metro-cc.ru/products/art_532559,,204.0,BRAVOLLI!
603826528,"Макароны Barilla Penne Rigate Integrale цельнозерновые, 450г",https://online.metro-cc.ru/products/450g-makarony-barilla-penne-rigate-integrale,223.0,119.0,BARILLA
377448,"Макаронные изделия La Molisana №108 Пружинки, 500г",https://online.metro-cc.ru/products/makaronnye-izdeliya-la-molisana-108-pruzhinki-500g,267.0,189.0,LA MOLISANA
396290,"Макаронные изделия Makfa вермишель паутинка, 450г",https://online.metro-cc.ru/products/makfa-vermishel-pautinka-450g,74.9,49.9,MAKFA
375686,"Макароны Makfa витки, 450г",https://online.metro-cc.ru/products/makfa-vitki-450g,74.9,49.9,MAKFA
375616,"Макароны Makfa перья любительские, 450г",https://online.metro-cc.ru/products/makfa-perya-lyubitelskie-450g,74.9,49.9,MAKFA
614597,"Макаронные изделия Barilla Bavettine n.11 из твёрдых сортов пшеницы, 450г",https://online.metro-cc.ru/products/bavettine-barilla-11-450g,125.0,89.9,BARILLA
446276,"Макаронные изделия Шебекинские спагеттини №001, 450г",https://online.metro-cc.ru/products/spagettini-shebekinskie-001-450-g,74.9,53.9,ШЕБЕКИНСКИЕ
139088,"Лапша 3 Glocken Гнезда яичная, 500г",https://online.metro-cc.ru/products/lapsha-3-glocken-gnezda-500-g,409.0,269.01,3 GLOCKEN
211247,"Макаронные изделия De Cecco тальятелле, 500г",https://online.metro-cc.ru/products/de-cecco-talyatelle-500-g,389.0,299.0,DE CECCO
564537,"Макаронные изделия Barilla Spaghettoni n.7 из твёрдых сортов пшеницы, 450г",https://online.metro-cc.ru/products/pasta-barilla-spaghettoni-spagettoni-450g,125.0,89.9,BARILLA
379123,"Макаронные изделия De Cecco фарфалле №93 трехцветные, 500г",https://online.metro-cc.ru/products/farfalle-de-cecco-tricolore-93-500g,389.0,219.0,DE CECCO
540081,"Макаронные изделия 3 Glocken лапша мелкая, 350г",https://online.metro-cc.ru/products/lapsha-melkaya-gold-ei-350-g,339.0,199.0,3 GLOCKEN
173732,"Макаронные изделия Barilla Lasagne Uovo яичная, 500г",https://online.metro-cc.ru/products/lazanya-yaichnaya-barilla-500g,469.0,339.0,BARILLA
595933523,"Макароны Federici спагетти №3, 400г",https://online.metro-cc.ru/products/400g-makarony-federici-spagetti-3,89.9,69.9,FEDERICI
592161423,"METRO Chef Макароны лапша, 3кг",https://online.metro-cc.ru/products/3kg-makarony-metro-chef-lapsha,,349.0,METRO CHEF
146038,"Клецки De Cecco Gnocchi di Patate Ньокки картофельные, 500г",https://online.metro-cc.ru/products/de-cecco-kartofelnye-klecki-nokki-500g,283.0,169.0,DE CECCO
539022,"Макаронные изделия Barilla Orecchiette из твёрдых сортов пшеницы, 500г",https://online.metro-cc.ru/products/orecchiette-barilla-500-g,359.0,259.0,BARILLA
533686929,"METRO Chef Макароны Орзо, 450г",https://online.metro-cc.ru/products/450g-makarony-metro-chef-orzo,185.0,149.0,METRO CHEF
483151,"Макаронные изделия Barilla Fusilli без глютена, 400г",https://online.metro-cc.ru/products/pasta-barilla-bezglyutenovaya-fusilli-400g,319.0,259.0,BARILLA
482736,"Макаронные изделия Barilla Penne Rigate без глютена, 400г",https://online.metro-cc.ru/products/pasta-barilla-bezglyutenovaya-penne-rigate-400g,319.0,259.0,BARILLA
630693,"Макаронные изделия Barilla Tagliatelle Uovo яичные, 450г",https://online.metro-cc.ru/products/450g-barilla-talyatelle-yaichn,519.0,349.0,BARILLA
626402,"Макаронные изделия De Cecco паппарделле, 500г",https://online.metro-cc.ru/products/500g-pappardelle-de-cecco,409.0,349.0,DE CECCO
620447,"aro рожки рифленые №56, 400 г",https://online.metro-cc.ru/products/400g-rozhki-aro-riflenye-56,,22.5,ARO
626217,"Макаронные изделия De Cecco Лингвини, 1кг",https://online.metro-cc.ru/products/1kg-lingvini-de-cecco,589.0,379.01,DE CECCO
540322,"Лапша 3 Glocken Узкая яичная, 350г",https://online.metro-cc.ru/products/lapsha-3-glocken-schmale-bandnudeln-melkaya-350-g,339.0,199.0,3 GLOCKEN
150088,"Макаронные изделия La Molisana №66 Бантики, 500г",https://online.metro-cc.ru/products/makaronnye-izdeliya-la-molisana-66-bantiki-500g,272.0,189.0,LA MOLISANA
117250,"Макаронные изделия La Molisana №20В Перья рифленые, 500г",https://online.metro-cc.ru/products/makaronnye-izdeliya-la-molisana-20v-perya-riflenye-500g,267.0,189.0,LA MOLISANA
127890,"Макаронные изделия Barilla Mafaldine из твердых сортов пшеницы, 500г",https://online.metro-cc.ru/products/barilla-mafaldine-500g,319.0,219.0,BARILLA
448002,"Макаронные изделия La Molisana №1/15В Спагетти квадратные, 500г",https://online.metro-cc.ru/products/makaronnye-izdeliya-la-molisana-1-15v-spagetti-kvadratnye-500g,249.0,179.0,LA MOLISANA
595933538,"Макароны Federici перья рифленые №23, 400г",https://online.metro-cc.ru/products/400g-makarony-federici-perya-riflenye-23,89.9,69.9,FEDERICI
595270,"Паста Bravolli! Орзо, 350г",https://online.metro-cc.ru/products/350g-pasta-bravolli-orzo,,182.0,BRAVOLLI!
221127,"Макаронные изделия 3 Glocken Genuss Pur Kelche клецки, 500г",https://online.metro-cc.ru/products/klecki-3-glocken-500g,329.0,179.0,3 GLOCKEN
524955,"Спагетти Dalla Costa со шпинатом и томатами, 500г",https://online.metro-cc.ru/products/spagetti-dalla-costa-so-shpinatom-tomatami-500g,469.0,319.0,DALLA COSTA
619032,"aro Перья рифленые №23, 400 г",https://online.metro-cc.ru/products/400g-perya-aro-riflenye-23,,22.5,ARO
299530709,"METRO Chef Макароны вермишель, 450г",https://online.metro-cc.ru/products/450g-makarony-metro-chef-vermishel,59.9,49.9,METRO CHEF
635511,"Макаронные изделия Maltagliati 040 ракушка мелкая, 450г",https://online.metro-cc.ru/products/450g-mak-izd-maltagliati-040-rakushka-melkaya,106.0,79.9,MALTAGLIATI
120677,Спагетти 3 Glocken 1кг,https://online.metro-cc.ru/products/spagetti-3-glocken-1-kg,,529.0,3 GLOCKEN
571695,"Макаронные изделия Шебекинские перья №343, 450г",https://online.metro-cc.ru/products/shebekinskie-perya-450-g,76.9,64.9,ШЕБЕКИНСКИЕ
619377,"aro Спагетти №3, 400г",https://online.metro-cc.ru/products/400g-spagetti-aro-3,,22.5,ARO
603204740,"Макароны Barilla Лингвини ригате высший сорт, 450г",https://online.metro-cc.ru/products/makarony-barilla-lingvini-rigate-vysshiy-sort-450g,299.0,159.01,BARILLA
614537,"Макаронные изделия Barilla Fusilli 5 Злаков, 450г",https://online.metro-cc.ru/products/fuzilli-barilla-5-zlakov-450g,223.0,129.0,BARILLA
614456,"Макаронные изделия Barilla Penne Rigate 5 Злаков, 450г",https://online.metro-cc.ru/products/penne-rigate-barilla-5-zlakov-450g,223.0,129.0,BARILLA
299555349,"METRO Chef Макароны ракушки рифленые, 450г",https://online.metro-cc.ru/products/450g-makarony-metro-chef-rakushki-riflenye,59.9,49.9,METRO CHEF
454655,"Макаронные изделия De Cecco тальятелле со шпинатом, 250г",https://online.metro-cc.ru/products/de-cecco-tagliatelle-shpinat250g,309.0,209.0,DE CECCO
180958,"Вермишель Шебекинские №100/111, 450г",https://online.metro-cc.ru/products/vermishel-shebekinskie-100-111-450g,76.9,64.9,ШЕБЕКИНСКИЕ
256118,"Макаронные изделия De Cecco ореккьетте, 500г",https://online.metro-cc.ru/products/pasta-de-cecco-orecchiette-500g,299.0,199.0,DE CECCO
379122,"Макаронные изделия De Cecco паккери, 500г",https://online.metro-cc.ru/products/de-cecco-paccheri-125-500g,389.0,269.01,DE CECCO
1607704,"Макароны Federici спиральки без глютена, 400г",https://online.metro-cc.ru/products/makarony-federici-spiralki-bez-glyutena-400g,283.0,189.0,FEDERICI
635936,"Макаронные изделия Maltagliati 002 спагетти тонкие, 450г",https://online.metro-cc.ru/products/450g-mak-izd-maltagliati-002-spagetti-tonkie,106.0,79.9,MALTAGLIATI
299555354,"METRO Chef Макароны рожки рифленые, 450г",https://online.metro-cc.ru/products/450g-makarony-metro-chef-rozhki-riflenye,59.9,49.9,METRO CHEF
180359,"Макаронные изделия 3 Glocken звездочки мелкие, 250г",https://online.metro-cc.ru/products/3-glocken-melkie-zvezdochki-250g,159.01,99.9,3 GLOCKEN
619742,"aro Пружинки рифленые №51, 400г",https://online.metro-cc.ru/products/400g-pruzhinki-aro-riflenye-51,,22.5,ARO
603140141,"Макароны Grand di Pasta Фузилли высшего сорта, 450г",https://online.metro-cc.ru/products/450g-makarony-grand-di-pasta-fuzilli-gruppa-a-vs,100.9,66.9,GRAND DI PASTA
299618214,"METRO Chef Макароны перья рифленые, 450г",https://online.metro-cc.ru/products/450g-makarony-metro-chef-perya-riflenye,59.9,49.9,METRO CHEF
620267,"aro Вермишель паутинка №96, 400 г",https://online.metro-cc.ru/products/400g-vermishel-aro-pautinka-96,,22.5,ARO
603140356,"Макароны Grand di Pasta Кампанелле высшего сорта, 450г",https://online.metro-cc.ru/products/450g-makarony-grand-di-pasta-kampanelle-gruppa-a-vs,105.0,66.9,GRAND DI PASTA
603219672,"Макароны Maltagliati вермишель высший сорт, 450г",https://online.metro-cc.ru/products/450g-makarony-maltagliati-vermishel-gruppa-a-vs,107.0,79.9,MALTAGLIATI
391960,"Макаронные изделия Makfa Гнезда тальятелле, 450г",https://online.metro-cc.ru/products/makfa-gnezda-talyatelle-450g,124.0,88.9,MAKFA
568731,"Макаронные изделия Makfa рожки гладкие, 450г",https://online.metro-cc.ru/products/makfa-rozhki-gladkie-450-g,74.9,49.9,MAKFA
614723,"Макаронные изделия Barilla Spaghetti 5 Злаков, 450г",https://online.metro-cc.ru/products/spaggeti-barilla-5-zlakov-450g,223.0,129.0,BARILLA
245563,"Макаронные изделия De Cecco феттуччине, 250г",https://online.metro-cc.ru/products/de-cecco-fettuccine-250g,309.0,209.0,DE CECCO
147434,"Макаронные изделия 3 Glocken алфавит, 250г",https://online.metro-cc.ru/products/3-glocken-alfavit-250g,159.01,99.9,3 GLOCKEN
601741133,"Макароны Makfa Пиколетти мини спирали, 450г",https://online.metro-cc.ru/products/450g-makarony-makfa-pikolletti-mini-spirali,74.9,49.9,MAKFA
601739433,"Макароны Makfa Бантики, 400г",https://online.metro-cc.ru/products/400g-makarony-makfa-bantiki,79.9,56.9,MAKFA
635716,"Макаронные изделия Maltagliati 078 спираль, 450г",https://online.metro-cc.ru/products/450g-mak-izd-maltagliati-078-spiral,106.0,79.9,MALTAGLIATI
539177,"Макаронные изделия Barilla Pappardelle Uovo яичные, 250г",https://online.metro-cc.ru/products/barilla-papardelle-yaichnye-250g,349.0,259.0,BARILLA
635816,"Макаронные изделия Maltagliati 004 спагетти тонкие, 450г",https://online.metro-cc.ru/products/450g-mak-izd-maltagliati-004-spagetti-klassich,106.0,79.9,MALTAGLIATI
472496,"Макаронные изделия De Cecco спагеттини, 500г",https://online.metro-cc.ru/products/spagettini-de-cecco-500g-611671,329.0,199.0,DE CECCO
660745,"Лапша Makfa длинная, 450г",https://online.metro-cc.ru/products/lapga-makfa-dlinnaya-450g,74.9,49.9,MAKFA
245331,"Макаронные изделия De Cecco тальятелле, 250г",https://online.metro-cc.ru/products/de-cecco-tagliatelle-alluovo-250g,309.0,209.0,DE CECCO
635556,"Макаронные изделия Maltagliati 038 рожки, 450г",https://online.metro-cc.ru/products/450g-mak-izd-maltagliati-038-rozhki,106.0,79.9,MALTAGLIATI
524456,"Спагетти Dalla Costa с чесноком и острым перцем, 500г",https://online.metro-cc.ru/products/spagetti-dalla-costa-s-chesnokom-ostrym-percem-500g,419.0,329.0,DALLA COSTA
635501,"Макаронные изделия Maltagliati 074 перья, 450г",https://online.metro-cc.ru/products/450g-mak-izd-maltagliati-074-perya,106.0,79.9,MALTAGLIATI
550291871,"Макароны Dalla Costa быстрые гонки томат-базилик, 250г",https://online.metro-cc.ru/products/makarony-dalla-costa-bystrye-gonki-tomat-bazilik-250g,229.0,199.0,DALLA COSTA
524888,"Макаронные изделия Dalla Costa любовь со шпинатом и томатами, 250г",https://online.metro-cc.ru/products/dalla-costa-lyubov-so-shpinatom-tomatami-250g,215.0,189.0,DALLA COSTA
257005690,"METRO Chef Макароны лазанья, 1кг",https://online.metro-cc.ru/products/1kg-makarony-metro-chef-lazanya,719.0,499.0,METRO CHEF
76196875,"Лапша 3 Glocken Golden-EI Короткая прямая, 350г",https://online.metro-cc.ru/products/350g-lapsha-3-glocken-gold-ei-korotkaya-pryamaya,339.0,199.0,3 GLOCKEN
524901,"Спагетти Dalla Costa нери с чернилами каракатицы, 500г",https://online.metro-cc.ru/products/spagetti-dalla-costa-neri-s-chernilami-karakaticy-500g,609.0,459.0,DALLA COSTA
550303496,"Макароны Dalla Costa ферма без добавления яиц, 250г",https://online.metro-cc.ru/products/makarony-dalla-costa-ferma-bez-dobavleniya-yaits-250g,229.0,199.0,DALLA COSTA
550528006,"Макароны Dalla Costa маленькая леди томаты, 250г",https://online.metro-cc.ru/products/makarony-dalla-costa-malenkaya-ledi-tomaty-250g,229.0,199.0,DALLA COSTA
288188104,"Макароны Rustichella d'abruzzo конкильони трис, 500г",https://online.metro-cc.ru/products/500g-makarony-rustichella-dabruzzo-konkiloni-tris,639.0,569.0,RUSTICHELLA D'ABRUZZO
288164014,"Макароны Rustichella d'abruzzo Лингуине без яиц, 500г",https://online.metro-cc.ru/products/500g-makarony-rustichella-dabruzzo-linguine-byaits,439.0,369.0,RUSTICHELLA D'ABRUZZO
626192,Лазанья De Cecco 500г,https://online.metro-cc.ru/products/500g-lazanya-de-cecco,499.0,299.0,DE CECCO
288139869,"Макароны Rustichella d'abruzzo фузилли без яиц, 500г",https://online.metro-cc.ru/products/500g-makarony-rustichella-dabruzzo-fuzilli-byaits,449.0,379.01,RUSTICHELLA D'ABRUZZO
472595,"Макаронные изделия De Cecco лингвине, 500г",https://online.metro-cc.ru/products/de-cecco-linguini-500g,329.0,199.0,DE CECCO
624837,"Ригатони De Cecco Rigatoni №24, 500г",https://online.metro-cc.ru/products/500g-rigatoni-de-cecco,329.0,219.0,DE CECCO
607442359,"Макароны Felicetti Тальятелле №90, 500г",https://online.metro-cc.ru/products/makarony-felicetti-talyatelle-90-500g,,469.0,FELICETTI
607443399,"Макароны Felicetti Лумаке ригате №173, 500г",https://online.metro-cc.ru/products/makarony-felicetti-lumake-rigate-173-500g,,309.0,FELICETTI
607442439,"Макароны Felicetti Конкилье №175, 500г",https://online.metro-cc.ru/products/makarony-felicetti-konkile-175-500g,,309.0,FELICETTI
605173238,"Макароны с сырным соусом Foody Mac&Cheese Карбонара с беконом, 143г",https://online.metro-cc.ru/products/makarony-foody-s-sousom-karbonara-s-bekonom-143g,,103.0,FOODY
607443009,"Макароны Felicetti Филини №293, 250г",https://online.metro-cc.ru/products/makarony-felicetti-filini-293-250g,,209.0,FELICETTI
601741088,"Паста по-тоскански Makfa Сегодня в меню с соусом, 340г",https://online.metro-cc.ru/products/340g-pasta-s-sousom-segodnya-v-menyu-makfa-po-toskanski,142.0,114.0,MAKFA
607442464,"Макароны Felicetti лингвини №152, 500г",https://online.metro-cc.ru/products/makarony-felicetti-lingvini-152-500g,,309.0,FELICETTI
288188109,"Макароны Rustichella d'abruzzo тальятелле без яиц, 250г",https://online.metro-cc.ru/products/250g-makarony-rustichella-dabruzzo-talyatelle-byaits,479.0,439.0,RUSTICHELLA D'ABRUZZO
570938,"Макаронные изделия Barilla Chifferi Rigati n.41 из твёрдых сортов пшеницы, 450г",https://online.metro-cc.ru/products/barilla-chifferi-rigati-450-g,125.0,89.9,BARILLA
603829713,"Макароны Barilla Fusilli Integrale цельнозерновые, 450г",https://online.metro-cc.ru/products/450g-makarony-barilla-fuzilli-integrale,223.0,119.0,BARILLA
603828258,"Макароны Barilla Integrale спагетти цельнозерновые, 450г",https://online.metro-cc.ru/products/450g-makarony-barilla-spagetti-integrale,223.0,119.0,BARILLA
256345,"Макаронные изделия De Cecco пенне ригате, 1кг",https://online.metro-cc.ru/products/de-cecco-penne-rigate-perya-41-1kg,589.0,409.0,DE CECCO
375760,"Макаронные изделия Makfa ракушки, 450г",https://online.metro-cc.ru/products/makfa-rakushki-450g,74.9,49.9,MAKFA
375963,"Макаронные изделия Makfa улитки, 450г",https://online.metro-cc.ru/products/makfa-ulitki-450g,74.9,49.9,MAKFA
551522,"Макаронные изделия Makfa спиральки экспресс, 400г",https://online.metro-cc.ru/products/spiralki-ekspress-makfa-400-g,74.9,49.9,MAKFA
603140381,"Макароны Grand di Pasta Фунгетти высшего сорта, 450г",https://online.metro-cc.ru/products/450g-makarony-grand-di-pasta-fungetti-gruppa-a-vs,109.0,66.9,GRAND DI PASTA
560394,"Макаронные изделия Federici перья рифленые №23 без глютена, 400г",https://online.metro-cc.ru/products/perya-riflenye-23-federici-bez-glyutena-400g-55315,283.0,189.0,FEDERICI
603139911,"Макароны Grand di Pasta Радиаторе высшего сорта, 400г",https://online.metro-cc.ru/products/400g-makarony-grand-di-pasta-radiatore-gruppa-a-vs,107.0,66.9,GRAND DI PASTA
215535,"Вермишель 3 Glocken Die Mag Ich мелкая, 500г",https://online.metro-cc.ru/products/vermishel-3glocken-die-mag-ich-melkaya-500g,296.0,199.0,3 GLOCKEN
603140361,"Макароны Grand di Pasta Фарфалле высшего сорта, 400г",https://online.metro-cc.ru/products/400g-makarony-grand-di-pasta-farfalle-gruppa-a-vs,96.9,66.9,GRAND DI PASTA
642955,"Макаронные изделия Makfa Капеллини, 450г",https://online.metro-cc.ru/products/kapellini-makfa-450g,74.9,49.9,MAKFA
401629,"Лапша Роллтон Яичная классическая, 400г",https://online.metro-cc.ru/products/lapsha-rollton-yaichnaya-klassicheskaya-400-g,90.9,74.9,РОЛЛТОН
541780,"Макароны Makfa Пикколетти Полубублики, 450г",https://online.metro-cc.ru/products/makfa-pikkoletti-polububliki-450g,74.9,56.9,MAKFA
452182,"Трубочки 3 Glocken Genuss Pur короткие, 1кг",https://online.metro-cc.ru/products/trubochki-korotkie-3-glocken-genuss-pur-1kg,,529.0,3 GLOCKEN
256020,"Макаронные изделия De Cecco спаггеттони квадрати, 500г",https://online.metro-cc.ru/products/de-cecco-spagettoni-kvadratti-500g,299.0,199.0,DE CECCO
392060,"Макаронные изделия Makfa Гнезда капеллини, 450г",https://online.metro-cc.ru/products/makfa-gnezda-kapellini-450g,124.0,88.9,MAKFA
605173208,"Макароны с сырным соусом Foody Mac&Cheese Чеддер, 143г",https://online.metro-cc.ru/products/makarony-foody-s-sousom-chedder-143g,,103.0,FOODY
318016816,"Макароны De Cecco конкильони ригати №126, 500г",https://online.metro-cc.ru/products/500g-makarony-de-cecco-konkiloni-rigati-126,409.0,249.0,DE CECCO
603139921,"Макароны Grand di Pasta Спагетти высшего сорта, 450г",https://online.metro-cc.ru/products/450g-makarony-grand-di-pasta-spagetti-gruppa-a-vs,106.0,66.9,GRAND DI PASTA
800213,"Ризо De Cecco №74, 500г",https://online.metro-cc.ru/products/rizo-de-cecco-74-500g,359.0,209.0,DE CECCO
601741118,"Паста по-лигурийски Makfa Сегодня в меню с соусом, 340г",https://online.metro-cc.ru/products/340g-pasta-s-sousom-segodnya-v-menyu-makfa-po-liguriyski,144.0,114.0,MAKFA
605171588,"Макароны с сырным соусом Foody Mac&Cheese Пармезан, 143г",https://online.metro-cc.ru/products/makarony-foody-s-sousom-parmezan-klassicheskiy-143g,,103.0,FOODY
130672,"Макаронные изделия De Cecco спагеттини, 500г x 2 шт",https://online.metro-cc.ru/products/art_209322,,598.0,DE CECCO
150370,"Макаронные изделия De Cecco тальятелле со шпинатом, 250г x 2 шт",https://online.metro-cc.ru/products/makarony-de-cecco-tagliatelle-shpinat250g,,598.0,DE CECCO
566042,"Макаронные изделия Barilla Maccheroni n.44 из твердых сортов пшеницы, 450г",https://online.metro-cc.ru/products/barilla-makkeroni-450g,125.0,89.9,BARILLA
601504992,"Макароны Makfa цветочки группа А высший сорт, 450г",https://online.metro-cc.ru/products/450g-makarony-makfa-tsvetochki-gruppa-a-vs,74.9,56.9,MAKFA
